<?xml version="1.0" encoding="UTF-8"?>
<Flow xmlns="http://soap.sforce.com/2006/04/metadata">
    <actionCalls>
        <name>Match_Date</name>
        <label>Match Date</label>
        <locationX>176</locationX>
        <locationY>284</locationY>
        <actionName>DateMatcher</actionName>
        <actionType>apex</actionType>
        <connector>
            <targetReference>Does_Today_Match_Criteria</targetReference>
        </connector>
        <inputParameters>
            <name>dayOfMonthNumber</name>
            <value>
                <stringValue>2</stringValue>
            </value>
        </inputParameters>
        <inputParameters>
            <name>dayOfWeekNumber</name>
            <value>
                <stringValue>7</stringValue>
            </value>
        </inputParameters>
        <inputParameters>
            <name>monthOfYearNumber</name>
            <value>
                <stringValue>8</stringValue>
            </value>
        </inputParameters>
        <inputParameters>
            <name>testType</name>
            <value>
                <stringValue>NthDayOfMonth</stringValue>
            </value>
        </inputParameters>
        <inputParameters>
            <name>weekOfMonthNumber</name>
            <value>
                <stringValue>2</stringValue>
            </value>
        </inputParameters>
        <storeOutputAutomatically>true</storeOutputAutomatically>
    </actionCalls>
    <decisions>
        <name>Does_Today_Match_Criteria</name>
        <label>Does Today Match Criteria?</label>
        <locationX>339</locationX>
        <locationY>286</locationY>
        <defaultConnector>
            <targetReference>Create_Negative_Record</targetReference>
        </defaultConnector>
        <defaultConnectorLabel>No</defaultConnectorLabel>
        <rules>
            <name>Yes</name>
            <conditionLogic>and</conditionLogic>
            <conditions>
                <leftValueReference>Yes</leftValueReference>
                <operator>EqualTo</operator>
                <rightValue>
                    <booleanValue>true</booleanValue>
                </rightValue>
            </conditions>
            <connector>
                <targetReference>Create_Affirmative_Record</targetReference>
            </connector>
            <label>Yes</label>
        </rules>
    </decisions>
    <formulas>
        <name>curUserId</name>
        <dataType>String</dataType>
        <expression>{!$User.Id}</expression>
    </formulas>
    <interviewLabel>Check Today Testflow {!$Flow.CurrentDateTime}</interviewLabel>
    <label>Check Today Testflow</label>
    <processMetadataValues>
        <name>BuilderType</name>
        <value>
            <stringValue>LightningFlowBuilder</stringValue>
        </value>
    </processMetadataValues>
    <processMetadataValues>
        <name>OriginBuilderType</name>
        <value>
            <stringValue>LightningFlowBuilder</stringValue>
        </value>
    </processMetadataValues>
    <processType>AutoLaunchedFlow</processType>
    <recordCreates>
        <name>Create_Affirmative_Record</name>
        <label>Create Affirmative Record</label>
        <locationX>527</locationX>
        <locationY>284</locationY>
        <inputAssignments>
            <field>Name</field>
            <value>
                <stringValue>Yes</stringValue>
            </value>
        </inputAssignments>
        <inputAssignments>
            <field>ShippingCity</field>
            <value>
                <elementReference>$Flow.CurrentDateTime</elementReference>
            </value>
        </inputAssignments>
        <object>Account</object>
        <storeOutputAutomatically>true</storeOutputAutomatically>
    </recordCreates>
    <recordCreates>
        <name>Create_Negative_Record</name>
        <label>Create Negative Record</label>
        <locationX>347</locationX>
        <locationY>512</locationY>
        <inputAssignments>
            <field>Name</field>
            <value>
                <stringValue>No</stringValue>
            </value>
        </inputAssignments>
        <inputAssignments>
            <field>ShippingCity</field>
            <value>
                <elementReference>$Flow.CurrentDateTime</elementReference>
            </value>
        </inputAssignments>
        <object>Account</object>
        <storeOutputAutomatically>true</storeOutputAutomatically>
    </recordCreates>
    <start>
        <locationX>50</locationX>
        <locationY>50</locationY>
        <connector>
            <targetReference>Match_Date</targetReference>
        </connector>
        <schedule>
            <frequency>Daily</frequency>
            <startDate>2020-08-30</startDate>
            <startTime>18:35:00.000Z</startTime>
        </schedule>
        <triggerType>Scheduled</triggerType>
    </start>
    <status>Draft</status>
</Flow>
