<?xml version="1.0" encoding="UTF-8"?>
<Flow xmlns="http://soap.sforce.com/2006/04/metadata">
    <actionCalls>
        <name>Upload_Accounts</name>
        <label>Upload Accounts</label>
        <locationX>366</locationX>
        <locationY>181</locationY>
        <actionName>ConvertCSVToRecords</actionName>
        <actionType>apex</actionType>
        <connector>
            <targetReference>Create_Accounts</targetReference>
        </connector>
        <dataTypeMappings>
            <typeName>U__convertedCSVRows</typeName>
            <typeValue>Account</typeValue>
        </dataTypeMappings>
        <inputParameters>
            <name>objectApiName</name>
            <value>
                <stringValue>Account</stringValue>
            </value>
        </inputParameters>
        <inputParameters>
            <name>contentDocumentId</name>
            <value>
                <stringValue>0699A0000000k7bQAA</stringValue>
            </value>
        </inputParameters>
        <storeOutputAutomatically>true</storeOutputAutomatically>
    </actionCalls>
    <interviewLabel>Create Accounts {!$Flow.CurrentDateTime}</interviewLabel>
    <label>Create Accounts</label>
    <processMetadataValues>
        <name>BuilderType</name>
        <value>
            <stringValue>LightningFlowBuilder</stringValue>
        </value>
    </processMetadataValues>
    <processMetadataValues>
        <name>OriginBuilderType</name>
        <value>
            <stringValue>LightningFlowBuilder</stringValue>
        </value>
    </processMetadataValues>
    <processType>Flow</processType>
    <recordCreates>
        <name>Create_Accounts</name>
        <label>Create Accounts</label>
        <locationX>552</locationX>
        <locationY>192</locationY>
        <inputReference>Upload_Accounts.convertedCSVRows</inputReference>
    </recordCreates>
    <start>
        <locationX>50</locationX>
        <locationY>50</locationY>
        <connector>
            <targetReference>Upload_Accounts</targetReference>
        </connector>
    </start>
    <status>Draft</status>
</Flow>
