{
    "packageDirectories": [
        {
            "path": "force-app",
            "default": true,
            "package": "ExecuteNBAStrategy",
            "dependencies": [
              {
                  "package": "navigateEverywhere@1.0.1-0"
              }
            ],
            "versionName": "ver 0.1",
            "versionNumber": "0.1.0.NEXT"
        }
    ],
    "namespace": "",
    "sfdcLoginUrl": "https://login.salesforce.com",
    "sourceApiVersion": "51.0",
    "packageAliases": {
        "ExecuteNBAStrategy": "0Ho5G000000Cah5SAC",
        "navigateEverywhere@1.0.1-0" : "04tf4000004PsrUAAS"
    }
}