<?xml version="1.0" encoding="UTF-8"?>
<Flow xmlns="http://soap.sforce.com/2006/04/metadata">
    <actionCalls>
        <name>Navigate_to_Record</name>
        <label>Navigate to Record</label>
        <locationX>176</locationX>
        <locationY>158</locationY>
        <actionName>c:navigateEverywhereLFA</actionName>
        <actionType>component</actionType>
        <inputParameters>
            <name>destinationAction</name>
            <value>
                <stringValue>view</stringValue>
            </value>
        </inputParameters>
        <inputParameters>
            <name>destinationRecordId</name>
            <value>
                <elementReference>recordId</elementReference>
            </value>
        </inputParameters>
        <inputParameters>
            <name>destinationType</name>
            <value>
                <stringValue>record</stringValue>
            </value>
        </inputParameters>
    </actionCalls>
    <interviewLabel>Navigate {!$Flow.CurrentDateTime}</interviewLabel>
    <label>NavigateToRecord</label>
    <processMetadataValues>
        <name>BuilderType</name>
        <value>
            <stringValue>LightningFlowBuilder</stringValue>
        </value>
    </processMetadataValues>
    <processMetadataValues>
        <name>CanvasMode</name>
        <value>
            <stringValue>AUTO_LAYOUT_CANVAS</stringValue>
        </value>
    </processMetadataValues>
    <processMetadataValues>
        <name>OriginBuilderType</name>
        <value>
            <stringValue>LightningFlowBuilder</stringValue>
        </value>
    </processMetadataValues>
    <processType>Flow</processType>
    <startElementReference>Navigate_to_Record</startElementReference>
    <status>Active</status>
    <variables>
        <name>recordId</name>
        <dataType>String</dataType>
        <isCollection>false</isCollection>
        <isInput>true</isInput>
        <isOutput>false</isOutput>
    </variables>
</Flow>
