<?xml version="1.0" encoding="UTF-8"?>
<Flow xmlns="http://soap.sforce.com/2006/04/metadata">
    <actionCalls>
        <name>Post_to_Chatter</name>
        <label>Post to Chatter</label>
        <locationX>175</locationX>
        <locationY>50</locationY>
        <actionName>chatterPost</actionName>
        <actionType>chatterPost</actionType>
        <connector>
            <targetReference>console1</targetReference>
        </connector>
        <inputParameters>
            <name>subjectNameOrId</name>
            <value>
                <elementReference>curUsername</elementReference>
            </value>
        </inputParameters>
        <inputParameters>
            <name>text</name>
            <value>
                <stringValue>The Demo testflow is running</stringValue>
            </value>
        </inputParameters>
        <inputParameters>
            <name>type</name>
            <value>
                <stringValue>User</stringValue>
            </value>
        </inputParameters>
    </actionCalls>
    <formulas>
        <name>curUsername</name>
        <dataType>String</dataType>
        <expression>{!$User.Username}</expression>
    </formulas>
    <interviewLabel>TestFlow {!$Flow.CurrentDateTime}</interviewLabel>
    <label>Post Recommendation Screen Flow</label>
    <processMetadataValues>
        <name>BuilderType</name>
        <value>
            <stringValue>LightningFlowBuilder</stringValue>
        </value>
    </processMetadataValues>
    <processMetadataValues>
        <name>OriginBuilderType</name>
        <value>
            <stringValue>LightningFlowBuilder</stringValue>
        </value>
    </processMetadataValues>
    <processType>Flow</processType>
    <screens>
        <name>console1</name>
        <label>console1</label>
        <locationX>309</locationX>
        <locationY>50</locationY>
        <allowBack>true</allowBack>
        <allowFinish>true</allowFinish>
        <allowPause>true</allowPause>
        <fields>
            <name>disp1</name>
            <fieldText>&lt;p&gt;Followup flow is running.&lt;/p&gt;</fieldText>
            <fieldType>DisplayText</fieldType>
        </fields>
        <showFooter>true</showFooter>
        <showHeader>true</showHeader>
    </screens>
    <startElementReference>Post_to_Chatter</startElementReference>
    <status>Draft</status>
</Flow>
