<?xml version="1.0" encoding="UTF-8"?>
<PermissionSet xmlns="http://soap.sforce.com/2006/04/metadata">
    <classAccesses>
        <apexClass>AddOrInsertRecord</apexClass>
        <enabled>true</enabled>
    </classAccesses>
    <classAccesses>
        <apexClass>AssertionIterators</apexClass>
        <enabled>true</enabled>
    </classAccesses>
    <classAccesses>
        <apexClass>CollectionCalculate</apexClass>
        <enabled>true</enabled>
    </classAccesses>
    <classAccesses>
        <apexClass>CollectionProcessorsUtils</apexClass>
        <enabled>true</enabled>
    </classAccesses>
    <classAccesses>
        <apexClass>CopyCollection</apexClass>
        <enabled>true</enabled>
    </classAccesses>
    <classAccesses>
        <apexClass>CountRecordsAndFields</apexClass>
        <enabled>true</enabled>
    </classAccesses>
    <classAccesses>
        <apexClass>DedupeRecordCollection</apexClass>
        <enabled>true</enabled>
    </classAccesses>
    <classAccesses>
        <apexClass>DeepClone</apexClass>
        <enabled>true</enabled>
    </classAccesses>
    <classAccesses>
        <apexClass>EvaluateFormula</apexClass>
        <enabled>true</enabled>
    </classAccesses>
    <classAccesses>
        <apexClass>ExtractStringsFromCollection</apexClass>
        <enabled>true</enabled>
    </classAccesses>
    <classAccesses>
        <apexClass>FilterByCollection</apexClass>
        <enabled>true</enabled>
    </classAccesses>
    <classAccesses>
        <apexClass>FilterCollection</apexClass>
        <enabled>true</enabled>
    </classAccesses>
    <classAccesses>
        <apexClass>FindCommonAndUniqueRecords</apexClass>
        <enabled>true</enabled>
    </classAccesses>
    <classAccesses>
        <apexClass>FindRecordsInCollection</apexClass>
        <enabled>true</enabled>
    </classAccesses>
    <classAccesses>
        <apexClass>GenerateCollectionReport</apexClass>
        <enabled>true</enabled>
    </classAccesses>
    <classAccesses>
        <apexClass>GetChildCollection</apexClass>
        <enabled>true</enabled>
    </classAccesses>
    <classAccesses>
        <apexClass>GetFirst</apexClass>
        <enabled>true</enabled>
    </classAccesses>
    <classAccesses>
        <apexClass>GetLookupCollection</apexClass>
        <enabled>true</enabled>
    </classAccesses>
    <classAccesses>
        <apexClass>GetRecordsFromIds</apexClass>
        <enabled>true</enabled>
    </classAccesses>
    <classAccesses>
        <apexClass>JoinCollections</apexClass>
        <enabled>true</enabled>
    </classAccesses>
    <classAccesses>
        <apexClass>MapCollection</apexClass>
        <enabled>true</enabled>
    </classAccesses>
    <classAccesses>
        <apexClass>QueryWithLimit</apexClass>
        <enabled>true</enabled>
    </classAccesses>
    <classAccesses>
        <apexClass>RemoveRecordInCollection</apexClass>
        <enabled>true</enabled>
    </classAccesses>
    <classAccesses>
        <apexClass>SObjectDeepClone</apexClass>
        <enabled>true</enabled>
    </classAccesses>
    <classAccesses>
        <apexClass>SortCollection</apexClass>
        <enabled>true</enabled>
    </classAccesses>
    <classAccesses>
        <apexClass>UpsertRecords</apexClass>
        <enabled>true</enabled>
    </classAccesses>    
    <description>Permission Set that gives access to the @AuraEnabled Apex Classes that are part of the usf3 Collection Actions</description>
    <hasActivationRequired>false</hasActivationRequired>
    <label>usf3 Flow Action - Collection Actions</label>
    <userPermissions>
        <enabled>true</enabled>
        <name>RunFlow</name>
    </userPermissions>
</PermissionSet>
