<?xml version="1.0" encoding="UTF-8"?>
<Flow xmlns="http://soap.sforce.com/2006/04/metadata">
    <actionCalls>
        <name>Autolaunch_Child_Flow</name>
        <label>Autolaunch Child Flow</label>
        <locationX>201</locationX>
        <locationY>51</locationY>
        <actionName>AutolaunchFlow</actionName>
        <actionType>apex</actionType>
        <connector>
            <targetReference>Success</targetReference>
        </connector>
        <inputParameters>
            <name>param1Value</name>
            <value>
                <stringValue>blue</stringValue>
            </value>
        </inputParameters>
        <inputParameters>
            <name>param2Value</name>
            <value>
                <stringValue>50</stringValue>
            </value>
        </inputParameters>
        <inputParameters>
            <name>flowName</name>
            <value>
                <stringValue>AutolauncherTest_ChildFlow</stringValue>
            </value>
        </inputParameters>
        <inputParameters>
            <name>param3Value</name>
            <value>
                <stringValue>24</stringValue>
            </value>
        </inputParameters>
        <inputParameters>
            <name>param3Name</name>
            <value>
                <stringValue>inputSize</stringValue>
            </value>
        </inputParameters>
        <inputParameters>
            <name>param2Name</name>
            <value>
                <stringValue>inputWeight</stringValue>
            </value>
        </inputParameters>
        <inputParameters>
            <name>param1Name</name>
            <value>
                <stringValue>inputColor</stringValue>
            </value>
        </inputParameters>
        <outputParameters>
            <assignToReference>errorMessage</assignToReference>
            <name>errorMessage</name>
        </outputParameters>
        <outputParameters>
            <assignToReference>isSuccess</assignToReference>
            <name>isSuccess</name>
        </outputParameters>
    </actionCalls>
    <actionCalls>
        <name>Post_Error</name>
        <label>Post Error</label>
        <locationX>530</locationX>
        <locationY>41</locationY>
        <actionName>chatterPost</actionName>
        <actionType>chatterPost</actionType>
        <inputParameters>
            <name>text</name>
            <value>
                <elementReference>errorMessage</elementReference>
            </value>
        </inputParameters>
        <inputParameters>
            <name>subjectNameOrId</name>
            <value>
                <elementReference>curUsername</elementReference>
            </value>
        </inputParameters>
        <inputParameters>
            <name>type</name>
            <value>
                <stringValue>User</stringValue>
            </value>
        </inputParameters>
    </actionCalls>
    <decisions>
        <name>Success</name>
        <label>Success?</label>
        <locationX>365</locationX>
        <locationY>53</locationY>
        <defaultConnector>
            <targetReference>Post_Error</targetReference>
        </defaultConnector>
        <defaultConnectorLabel>Error</defaultConnectorLabel>
        <rules>
            <name>SuccessOutcome</name>
            <conditionLogic>and</conditionLogic>
            <conditions>
                <leftValueReference>isSuccess</leftValueReference>
                <operator>EqualTo</operator>
                <rightValue>
                    <booleanValue>true</booleanValue>
                </rightValue>
            </conditions>
            <label>Success</label>
        </rules>
    </decisions>
    <formulas>
        <name>curUsername</name>
        <dataType>String</dataType>
        <expression>{!$User.Username}</expression>
    </formulas>
    <interviewLabel>AutolauncherTest_ParentFlow {!$Flow.CurrentDateTime}</interviewLabel>
    <label>AutolauncherTest_ParentFlow</label>
    <processMetadataValues>
        <name>BuilderType</name>
        <value>
            <stringValue>LightningFlowBuilder</stringValue>
        </value>
    </processMetadataValues>
    <processMetadataValues>
        <name>OriginBuilderType</name>
        <value>
            <stringValue>LightningFlowBuilder</stringValue>
        </value>
    </processMetadataValues>
    <processType>AutoLaunchedFlow</processType>
    <startElementReference>Autolaunch_Child_Flow</startElementReference>
    <status>Draft</status>
    <variables>
        <name>errorMessage</name>
        <dataType>String</dataType>
        <isCollection>false</isCollection>
        <isInput>false</isInput>
        <isOutput>false</isOutput>
    </variables>
    <variables>
        <name>isSuccess</name>
        <dataType>Boolean</dataType>
        <isCollection>false</isCollection>
        <isInput>false</isInput>
        <isOutput>false</isOutput>
    </variables>
</Flow>
