<?xml version="1.0" encoding="UTF-8"?>
<FlexiPage xmlns="http://soap.sforce.com/2006/04/metadata">
    <flexiPageRegions>
        <componentInstances>
            <componentName>home:heroChart</componentName>
        </componentInstances>
        <mode>Replace</mode>
        <name>top</name>
        <type>Region</type>
    </flexiPageRegions>
    <flexiPageRegions>
        <componentInstances>
            <componentName>home:eventContainer</componentName>
        </componentInstances>
        <componentInstances>
            <componentName>home:recentRecordContainer</componentName>
        </componentInstances>
        <mode>Replace</mode>
        <name>bottomLeft</name>
        <type>Region</type>
    </flexiPageRegions>
    <flexiPageRegions>
        <componentInstances>
            <componentName>runtime_sales_activities:todayTaskContainer</componentName>
        </componentInstances>
        <componentInstances>
            <componentName>home:topDealsContainer</componentName>
        </componentInstances>
        <mode>Replace</mode>
        <name>bottomRight</name>
        <type>Region</type>
    </flexiPageRegions>
    <flexiPageRegions>
        <componentInstances>
            <componentInstanceProperties>
                <name>hideEinstein</name>
                <value>false</value>
            </componentInstanceProperties>
            <componentInstanceProperties>
                <name>hideWhenEmpty</name>
                <value>false</value>
            </componentInstanceProperties>
            <componentInstanceProperties>
                <name>launchOption</name>
                <value>launchModal</value>
            </componentInstanceProperties>
            <componentInstanceProperties>
                <name>maxDisplayPropositions</name>
                <value>4</value>
            </componentInstanceProperties>
            <componentInstanceProperties>
                <name>shouldLaunchActionOnReject</name>
                <value>false</value>
            </componentInstanceProperties>
            <componentInstanceProperties>
                <name>showDescription</name>
                <value>true</value>
            </componentInstanceProperties>
            <componentInstanceProperties>
                <name>showImage</name>
                <value>false</value>
            </componentInstanceProperties>
            <componentInstanceProperties>
                <name>showRejectAction</name>
                <value>false</value>
            </componentInstanceProperties>
            <componentInstanceProperties>
                <name>showTitle</name>
                <value>true</value>
            </componentInstanceProperties>
            <componentInstanceProperties>
                <name>strategyName</name>
                <value>InsightNotifier</value>
            </componentInstanceProperties>
            <componentInstanceProperties>
                <name>widgetTitle</name>
                <value>Next Best Action</value>
            </componentInstanceProperties>
            <componentName>runtime_communities_nba:builderNbaWidget</componentName>
        </componentInstances>
        <componentInstances>
            <componentName>home:assistant</componentName>
        </componentInstances>
        <mode>Replace</mode>
        <name>sidebar</name>
        <type>Region</type>
    </flexiPageRegions>
    <masterLabel>Home Page Default</masterLabel>
    <parentFlexiPage>home__desktopDefault</parentFlexiPage>
    <template>
        <name>home:desktopTemplate</name>
    </template>
    <type>HomePage</type>
</FlexiPage>
