<?xml version="1.0" encoding="UTF-8"?>
<PermissionSet xmlns="http://soap.sforce.com/2006/04/metadata">
    <classAccesses>
        <apexClass>Duplicate</apexClass>
        <enabled>true</enabled>
    </classAccesses>
    <classAccesses>
        <apexClass>DuplicateRecordCheck_Invocable</apexClass>
        <enabled>true</enabled>
    </classAccesses>
    <classAccesses>
        <apexClass>DuplicateRecordCheck_Util</apexClass>
        <enabled>true</enabled>
    </classAccesses>
    <classAccesses>
        <apexClass>FindDuplicates</apexClass>
        <enabled>true</enabled>
    </classAccesses>
    <classAccesses>
        <apexClass>FindDuplicatesFactory</apexClass>
        <enabled>true</enabled>
    </classAccesses>
    <description>Grants permission to the Apex code of the Duplicate Record Check invocable Apex action.</description>
    <hasActivationRequired>false</hasActivationRequired>
    <label>Duplicate Record Check</label>
</PermissionSet>
