<?xml version="1.0" encoding="UTF-8"?>
<LightningComponentBundle xmlns="http://soap.sforce.com/2006/04/metadata">
    <apiVersion>47.0</apiVersion>
    <description>Flow Combobox</description>
    <isExposed>true</isExposed>
    <masterLabel>Flow Combobox</masterLabel>
    <targets>
        <target>lightning__FlowScreen</target>
    </targets>
<!--    <targetConfigs>-->
<!--        <targetConfig targets="lightning__FlowScreen">-->
<!--            <property name="formulaString" type="String"></property>-->
<!--            <property name="contextObjectType" type="String"></property>-->
<!--            <property name="supportedSystemTypes" type="String"></property>-->
<!--        </targetConfig>-->
<!--    </targetConfigs>-->
</LightningComponentBundle>
