<?xml version="1.0" encoding="UTF-8"?>
<WebLink xmlns="http://soap.sforce.com/2006/04/metadata">
    <fullName>Change_Owner_In_Style</fullName>
    <availability>online</availability>
    <displayType>massActionButton</displayType>
    <encodingKey>UTF-8</encodingKey>
    <linkType>url</linkType>
    <masterLabel>Change Owner (In Style)</masterLabel>
    <openType>replace</openType>
    <protected>false</protected>
    <requireRowSelection>true</requireRowSelection>
    <url>/flow/ChangeOwnerDemo?retURL=/lightning/o/Account/list?filterName=00B9A000005iQScUAM</url>
</WebLink>
