{
    "packageDirectories": [
        {
            "path": "force-app",
            "default": true,
            "package": "ConvertCSVToRecords",
            "versionName": "ver 0.1",
            "versionNumber": "0.1.0.NEXT"
        }
    ],
    "namespace": "",
    "sfdcLoginUrl": "https://login.salesforce.com",
    "sourceApiVersion": "48.0",
    "packageAliases": {
        "ConvertCSVToRecords": "0Hof4000000XZKMCA4",
        "ConvertCSVToRecords@1.0.0-0": "04tf4000004PtcnAAC",
        "ConvertCSVToRecords@1.2.0-0": "04t5G000003rUbFQAU",
        "ConvertCSVToRecords@1.3.0-0": "04t5G000003rUuIQAU",
        "ConvertCSVToRecords@1.3.1-0": "04t5G000003rUuNQAU",
        "ConvertCSVToRecords@1.5.0-0": "04t5G000003rUuXQAU",
        "ConvertCSVToRecords@1.6.0-0": "04t5G000003rUvfQAE"
    }
}