<?xml version="1.0" encoding="UTF-8"?>
<Flow xmlns="http://soap.sforce.com/2006/04/metadata">
    <interviewLabel>stagetest {!$Flow.CurrentDateTime}</interviewLabel>
    <label>stagetest</label>
    <processMetadataValues>
        <name>BuilderType</name>
        <value>
            <stringValue>LightningFlowBuilder</stringValue>
        </value>
    </processMetadataValues>
    <processMetadataValues>
        <name>OriginBuilderType</name>
        <value>
            <stringValue>LightningFlowBuilder</stringValue>
        </value>
    </processMetadataValues>
    <processType>Flow</processType>
    <stages>
        <name>Stage1</name>
        <isActive>false</isActive>
        <label>Stage1</label>
        <stageOrder>1</stageOrder>
    </stages>
    <stages>
        <name>StageB</name>
        <isActive>false</isActive>
        <label>StageB</label>
        <stageOrder>2</stageOrder>
    </stages>
    <status>InvalidDraft</status>
</Flow>
