<?xml version="1.0" encoding="UTF-8"?>
<Flow xmlns="http://soap.sforce.com/2006/04/metadata">
    <actionCalls>
        <name>Get_from_Cache</name>
        <label>Get from Cache</label>
        <locationX>714</locationX>
        <locationY>70</locationY>
        <actionName>GetDataFromCache</actionName>
        <actionType>apex</actionType>
        <connector>
            <targetReference>Screen1</targetReference>
        </connector>
        <dataTypeMappings>
            <typeName>U__outputCollection</typeName>
            <typeValue>Account</typeValue>
        </dataTypeMappings>
        <dataTypeMappings>
            <typeName>U__outputRecord</typeName>
            <typeValue>Account</typeValue>
        </dataTypeMappings>
        <inputParameters>
            <name>key</name>
            <value>
                <stringValue>myString</stringValue>
            </value>
        </inputParameters>
        <storeOutputAutomatically>true</storeOutputAutomatically>
    </actionCalls>
    <actionCalls>
        <name>Store_in_Cache</name>
        <label>Store in Cache</label>
        <locationX>570</locationX>
        <locationY>69</locationY>
        <actionName>StoreDataInCache</actionName>
        <actionType>apex</actionType>
        <connector>
            <targetReference>Get_from_Cache</targetReference>
        </connector>
        <dataTypeMappings>
            <typeName>T__inputCollection</typeName>
            <typeValue>Account</typeValue>
        </dataTypeMappings>
        <dataTypeMappings>
            <typeName>T__inputRecord</typeName>
            <typeValue>Account</typeValue>
        </dataTypeMappings>
        <inputParameters>
            <name>inputCollection</name>
        </inputParameters>
        <inputParameters>
            <name>inputRecord</name>
        </inputParameters>
        <inputParameters>
            <name>inputString</name>
            <value>
                <stringValue>foobar</stringValue>
            </value>
        </inputParameters>
        <inputParameters>
            <name>inputStringKey</name>
            <value>
                <stringValue>mystring</stringValue>
            </value>
        </inputParameters>
        <storeOutputAutomatically>true</storeOutputAutomatically>
    </actionCalls>
    <interviewLabel>TestFlow_CacheGetAndStore {!$Flow.CurrentDateTime}</interviewLabel>
    <label>TestFlow_CacheGetAndStore</label>
    <processMetadataValues>
        <name>BuilderType</name>
        <value>
            <stringValue>LightningFlowBuilder</stringValue>
        </value>
    </processMetadataValues>
    <processMetadataValues>
        <name>OriginBuilderType</name>
        <value>
            <stringValue>LightningFlowBuilder</stringValue>
        </value>
    </processMetadataValues>
    <processType>Flow</processType>
    <screens>
        <name>Screen1</name>
        <label>Screen1</label>
        <locationX>857</locationX>
        <locationY>75</locationY>
        <allowBack>true</allowBack>
        <allowFinish>true</allowFinish>
        <allowPause>true</allowPause>
        <fields>
            <name>disp1</name>
            <fieldText>&lt;p&gt;retrieved from cache:&lt;/p&gt;&lt;p&gt;&lt;br&gt;&lt;/p&gt;&lt;p&gt;String:&lt;/p&gt;&lt;p&gt;{!Get_from_Cache.outputString}&lt;/p&gt;</fieldText>
            <fieldType>DisplayText</fieldType>
        </fields>
        <showFooter>true</showFooter>
        <showHeader>true</showHeader>
    </screens>
    <start>
        <locationX>50</locationX>
        <locationY>50</locationY>
        <connector>
            <targetReference>Store_in_Cache</targetReference>
        </connector>
    </start>
    <status>Draft</status>
</Flow>
