{
    "packageDirectories": [
        {
            "path": "force-app",
            "default": true,
            "package": "SOQLBuildAndExecute",
            "versionName": "ver 0.1",
            "versionNumber": "0.1.0.NEXT"
        }
    ],
    "namespace": "",
    "sfdcLoginUrl": "https://login.salesforce.com",
    "sourceApiVersion": "47.0",
    "packageAliases": {
        "SOQLBuildAndExecute": "0Hof4000000XZJECA4",
        "SOQLBuildAndExecute@0.1.0-1": "04tf4000004PsllAAC",
        "SOQLBuildAndExecute@1.2.0-0": "04tf4000004PtcYAAS",
        "SOQLBuildAndExecute@1.2.1-0": "04tf4000004Pte5AAC",
        "SOQLBuildAndExecute@1.3.1-0": "04tf4000004PtguAAC"
    }
}