<?xml version="1.0" encoding="UTF-8"?>
<Flow xmlns="http://soap.sforce.com/2006/04/metadata">
    <interviewLabel>Get Ice Cream Process {!$Flow.CurrentDateTime}</interviewLabel>
    <label>Get Ice Cream Process</label>
    <processMetadataValues>
        <name>BuilderType</name>
        <value>
            <stringValue>LightningFlowBuilder</stringValue>
        </value>
    </processMetadataValues>
    <processMetadataValues>
        <name>OriginBuilderType</name>
        <value>
            <stringValue>LightningFlowBuilder</stringValue>
        </value>
    </processMetadataValues>
    <processType>Flow</processType>
    <screens>
        <name>Display_Image</name>
        <label>Display Image</label>
        <locationX>233</locationX>
        <locationY>187</locationY>
        <allowBack>true</allowBack>
        <allowFinish>true</allowFinish>
        <allowPause>true</allowPause>
        <fields>
            <name>dispIceCream2</name>
            <extensionName>flowruntime:image</extensionName>
            <fieldType>ComponentInstance</fieldType>
            <inputParameters>
                <name>imageName</name>
                <value>
                    <stringValue>iceCream</stringValue>
                </value>
            </inputParameters>
            <inputParameters>
                <name>imageHeight</name>
                <value>
                    <stringValue>420</stringValue>
                </value>
            </inputParameters>
            <inputParameters>
                <name>imageWidth</name>
                <value>
                    <stringValue>280</stringValue>
                </value>
            </inputParameters>
            <inputParameters>
                <name>imageCSS</name>
                <value>
                    <stringValue>border: 5px solid blue;</stringValue>
                </value>
            </inputParameters>
            <isRequired>true</isRequired>
            <storeOutputAutomatically>true</storeOutputAutomatically>
        </fields>
        <showFooter>true</showFooter>
        <showHeader>true</showHeader>
    </screens>
    <screens>
        <name>screen1</name>
        <label>screen1</label>
        <locationX>235</locationX>
        <locationY>50</locationY>
        <allowBack>true</allowBack>
        <allowFinish>true</allowFinish>
        <allowPause>true</allowPause>
        <fields>
            <name>dispIceCream</name>
            <fieldText>&lt;p&gt;&lt;img src=&quot;https://platform-customer-3841-dev-ed--c.documentforce.com/servlet/rtaImage?refid=0EM1k000000D6cJ&quot;&gt;&lt;b&gt;Get Ice Cream Process&lt;/b&gt;&lt;/p&gt;</fieldText>
            <fieldType>DisplayText</fieldType>
        </fields>
        <showFooter>true</showFooter>
        <showHeader>true</showHeader>
    </screens>
    <start>
        <locationX>50</locationX>
        <locationY>50</locationY>
        <connector>
            <targetReference>screen1</targetReference>
        </connector>
    </start>
    <status>Active</status>
</Flow>
