<?xml version="1.0" encoding="UTF-8"?>
<Flow xmlns="http://soap.sforce.com/2006/04/metadata">
    <actionCalls>
        <name>Get_Credit_Score</name>
        <label>Get Credit Score</label>
        <locationX>177</locationX>
        <locationY>212</locationY>
        <actionName>GetCreditScore</actionName>
        <actionType>apex</actionType>
        <inputParameters>
            <name>custId</name>
            <value>
                <elementReference>custId</elementReference>
            </value>
        </inputParameters>
        <storeOutputAutomatically>true</storeOutputAutomatically>
    </actionCalls>
    <formulas>
        <name>curUserId</name>
        <dataType>String</dataType>
        <expression>{!$User.Id}</expression>
    </formulas>
    <interviewLabel>TestFlow_GetCreditScore {!$Flow.CurrentDateTime}</interviewLabel>
    <label>TestFlow_GetCreditScore</label>
    <processMetadataValues>
        <name>BuilderType</name>
        <value>
            <stringValue>LightningFlowBuilder</stringValue>
        </value>
    </processMetadataValues>
    <processMetadataValues>
        <name>OriginBuilderType</name>
        <value>
            <stringValue>LightningFlowBuilder</stringValue>
        </value>
    </processMetadataValues>
    <processType>AutoLaunchedFlow</processType>
    <start>
        <locationX>50</locationX>
        <locationY>50</locationY>
        <connector>
            <targetReference>Get_Credit_Score</targetReference>
        </connector>
    </start>
    <status>Active</status>
    <variables>
        <name>custId</name>
        <dataType>Number</dataType>
        <isCollection>false</isCollection>
        <isInput>true</isInput>
        <isOutput>false</isOutput>
        <scale>2</scale>
        <value>
            <numberValue>4000.0</numberValue>
        </value>
    </variables>
</Flow>
