<?xml version="1.0" encoding="UTF-8"?>
<Flow xmlns="http://soap.sforce.com/2006/04/metadata">
    <actionCalls>
        <name>Auto_Approve_Request</name>
        <label>Auto Approve Request</label>
        <locationX>176</locationX>
        <locationY>398</locationY>
        <actionName>ResolveApprovalRequest</actionName>
        <actionType>apex</actionType>
        <flowTransactionModel>CurrentTransaction</flowTransactionModel>
        <inputParameters>
            <name>action</name>
            <value>
                <stringValue>Approve</stringValue>
            </value>
        </inputParameters>
        <inputParameters>
            <name>approvalRequestId</name>
            <value>
                <elementReference>Extract_Approval_Request_ID.foundString</elementReference>
            </value>
        </inputParameters>
        <storeOutputAutomatically>true</storeOutputAutomatically>
    </actionCalls>
    <actionCalls>
        <name>Extract_Approval_Request_ID</name>
        <label>Extract Approval Request ID</label>
        <locationX>176</locationX>
        <locationY>158</locationY>
        <actionName>FindText</actionName>
        <actionType>apex</actionType>
        <connector>
            <targetReference>Post_Incoming_Vars_to_Chatter</targetReference>
        </connector>
        <flowTransactionModel>CurrentTransaction</flowTransactionModel>
        <inputParameters>
            <name>inputString</name>
            <value>
                <elementReference>Email_TextBody</elementReference>
            </value>
        </inputParameters>
        <inputParameters>
            <name>length</name>
            <value>
                <stringValue>15</stringValue>
            </value>
        </inputParameters>
        <inputParameters>
            <name>prefix</name>
            <value>
                <stringValue>id=</stringValue>
            </value>
        </inputParameters>
        <inputParameters>
            <name>searchType</name>
            <value>
                <stringValue>prefixSearch</stringValue>
            </value>
        </inputParameters>
        <storeOutputAutomatically>true</storeOutputAutomatically>
    </actionCalls>
    <actionCalls>
        <name>Post_Incoming_Vars_to_Chatter</name>
        <label>Post Incoming Vars to Chatter</label>
        <locationX>176</locationX>
        <locationY>278</locationY>
        <actionName>chatterPost</actionName>
        <actionType>chatterPost</actionType>
        <connector>
            <targetReference>Auto_Approve_Request</targetReference>
        </connector>
        <flowTransactionModel>CurrentTransaction</flowTransactionModel>
        <inputParameters>
            <name>text</name>
            <value>
                <elementReference>StatusInfo</elementReference>
            </value>
        </inputParameters>
        <inputParameters>
            <name>subjectNameOrId</name>
            <value>
                <elementReference>$User.Username</elementReference>
            </value>
        </inputParameters>
        <inputParameters>
            <name>type</name>
            <value>
                <stringValue>User</stringValue>
            </value>
        </inputParameters>
        <storeOutputAutomatically>true</storeOutputAutomatically>
    </actionCalls>
    <apiVersion>53.0</apiVersion>
    <interviewLabel>Auto Approve Request {!$Flow.CurrentDateTime}</interviewLabel>
    <label>Auto Approve Request</label>
    <processMetadataValues>
        <name>BuilderType</name>
        <value>
            <stringValue>LightningFlowBuilder</stringValue>
        </value>
    </processMetadataValues>
    <processMetadataValues>
        <name>CanvasMode</name>
        <value>
            <stringValue>AUTO_LAYOUT_CANVAS</stringValue>
        </value>
    </processMetadataValues>
    <processMetadataValues>
        <name>OriginBuilderType</name>
        <value>
            <stringValue>LightningFlowBuilder</stringValue>
        </value>
    </processMetadataValues>
    <processType>AutoLaunchedFlow</processType>
    <start>
        <locationX>50</locationX>
        <locationY>0</locationY>
        <connector>
            <targetReference>Extract_Approval_Request_ID</targetReference>
        </connector>
    </start>
    <status>Draft</status>
    <textTemplates>
        <name>StatusInfo</name>
        <isViewedAsPlainText>true</isViewedAsPlainText>
        <text>Email Text Body: {!Email_TextBody} 
Email HTML Body: {!Email_HTMLBody}

extracted id = {!Extract_Approval_Request_ID.foundString}</text>
    </textTemplates>
    <variables>
        <name>Email_HTMLBody</name>
        <dataType>String</dataType>
        <isCollection>false</isCollection>
        <isInput>true</isInput>
        <isOutput>false</isOutput>
    </variables>
    <variables>
        <name>Email_TextBody</name>
        <dataType>String</dataType>
        <isCollection>false</isCollection>
        <isInput>true</isInput>
        <isOutput>false</isOutput>
    </variables>
</Flow>
